J1_MaxSpeed,J1_MaxAcceleration,J1_MaxDeceleration,J2_MaxSpeed,J2_MaxAcceleration,J2_MaxDeceleration,J3_MaxSpeed,J3_MaxAcceleration,J3_MaxDeceleration,J4_MaxSpeed,J4_MaxAcceleration,J4_MaxDeceleration,J5_MaxSpeed,J5_MaxAcceleration,J5_MaxDeceleration,J6_MaxSpeed,J6_MaxAcceleration,J6_MaxDeceleration,Time(s),J1,J2,J3,J4,J5,J6,J1.X,J1.Y,J1.Z,J2.X,J2.Y,J2.Z,J3.X,J3.Y,J3.Z,J4.X,J4.Y,J4.Z,J5.X,J5.Y,J5.Z,J6.X,J6.Y,J6.Z,X(mm),Y(mm),Z(mm),RX,Ry,RZ,RW
370,1480,1480,310,1240,1240,410,1640,1640,550,2200,2200,550,2200,2200,1000,4000,4000,,,,,,,,,,,,,,,,,,,,,,,,,,,,,,,,
,,,,,,,,,,,,,,,,,,0.049,-96.29,48.63,-20.11,17.18,20.97,-16.1,1756,-4.18,1000,1761.48,45.52,1330,1797.64,373.71,1620.82,1842,776.38,1510.03,1842,776.38,1510.03,1842.31,856.38,1510.03,1842.31,856.38,1510.03,0.499044,-0.500954,-0.499044,-0.500954
,,,,,,,,,,,,,,,,,,1.251,-109.49,67.94,-36.82,-78.03,74.51,51.55,1756,-4.18,1000,1772.68,42.95,1330,1908.72,427.37,1495.28,2027.54,763.13,1272.71,2027.54,763.13,1272.71,2107.54,763.13,1272.71,2107.54,763.13,1272.71,0,0.707107,0,0.707107
,,,,,,,,,,,,,,,,,,1.55,-107.28,44.12,-59.09,-75.05,81.22,29.75,1756,-4.18,1000,1770.85,43.56,1330,1861.85,336.05,1645.86,1934.69,570.19,1304.9,1934.69,570.19,1304.9,2014.69,570.19,1304.9,2014.69,570.19,1304.9,0,0.707107,0,0.707107
,,,,,,,,,,,,,,,,,,1.75,-116.96,50.52,-59.69,-66.29,76.77,27.52,1756,-4.18,1000,1778.67,40.38,1330,1932.64,343.1,1609.75,2042.18,558.46,1266.23,2042.18,558.46,1266.23,2122.18,558.46,1266.23,2122.18,558.46,1266.23,0,0.707107,0,0.707107
,,,,,,,,,,,,,,,,,,2.006,-109.69,45.57,-60.68,-72.04,80.19,27.77,1756,-4.18,1000,1772.85,42.89,1330,1878.73,338.72,1638.02,1958.14,560.59,1290.38,1958.14,560.59,1290.38,2038.13,561.56,1290.39,2038.13,561.56,1290.39,0.004251,-0.707034,-0.004317,-0.707154
,,,,,,,,,,,,,,,,,,2.643,-96.74,46.68,-82.3,7.19,82.36,89.04,1756,-4.18,1000,1761.86,45.47,1330,1799.41,363.38,1631.87,1810.09,453.78,1221.87,1810.09,453.78,1221.87,1809.54,533.78,1221.87,1809.54,533.78,1221.87,0.002429,0.002429,-0.707103,-0.707103
,,,,,,,,,,,,,,,,,,,,,,,,,,,,,,,,,,,,,,,,,,,,,,,,,
,,,,,,,,,,,,,,,,,,,,,,,,,,,,,,,,,,,,,,,,,,,,,,,,,
,,,,,,,,,,,,,,,,,,,,,,,,,,,,,,,,,,,,,,,,,,,,,,,,,
,,,,,,,,,,,,,,,,,,,,,,,,,,,,,,,,,,,,,,,,,,,,,,,,,
,,,,,,,,,,,,,,,,,,,,,,,,,,,,,,,,,,,,,,,,,,,,,,,,,
,,,,,,,,,,,,,,,,,,,,,,,,,,,,,,,,,,,,,,,,,,,,,,,,,
,,,,,,,,,,,,,,,,,,,,,,,,,,,,,,,,,,,,,,,,,,,,,,,,,
,,,,,,,,,,,,,,,,,,,,,,,,,,,,,,,,,,,,,,,,,,,,,,,,,
,,,,,,,,,,,,,,,,,,,,,,,,,,,,,,,,,,,,,,,,,,,,,,,,,
,,,,,,,,,,,,,,,,,,,,,,,,,,,,,,,,,,,,,,,,,,,,,,,,,
,,,,,,,,,,,,,,,,,,,,,,,,,,,,,,,,,,,,,,,,,,,,,,,,,
,,,,,,,,,,,,,,,,,,,,,,,,,,,,,,,,,,,,,,,,,,,,,,,,,
,,,,,,,,,,,,,,,,,,,,,,,,,,,,,,,,,,,,,,,,,,,,,,,,,
,,,,,,,,,,,,,,,,,,,,,,,,,,,,,,,,,,,,,,,,,,,,,,,,,
,,,,,,,,,,,,,,,,,,,,,,,,,,,,,,,,,,,,,,,,,,,,,,,,,
,,,,,,,,,,,,,,,,,,,,,,,,,,,,,,,,,,,,,,,,,,,,,,,,,
,,,,,,,,,,,,,,,,,,,,,,,,,,,,,,,,,,,,,,,,,,,,,,,,,
,,,,,,,,,,,,,,,,,,,,,,,,,,,,,,,,,,,,,,,,,,,,,,,,,
,,,,,,,,,,,,,,,,,,,,,,,,,,,,,,,,,,,,,,,,,,,,,,,,,
,,,,,,,,,,,,,,,,,,,,,,,,,,,,,,,,,,,,,,,,,,,,,,,,,
,,,,,,,,,,,,,,,,,,,,,,,,,,,,,,,,,,,,,,,,,,,,,,,,,
,,,,,,,,,,,,,,,,,,,,,,,,,,,,,,,,,,,,,,,,,,,,,,,,,
,,,,,,,,,,,,,,,,,,2.844,-95.58,50.35,-72.11,5.86,72.19,88.2,1756,-4.18,1000,1760.86,45.58,1330,1793.77,382.75,1610.77,1809.52,544.11,1223.35,1809.52,544.11,1223.35,1809.52,624.11,1223.35,1809.52,624.11,1223.35,0,0,0.707107,0.707107
,,,,,,,,,,,,,,,,,,2.953,-95.5,41.98,-65.36,6.05,65.48,87.48,1756,-4.18,1000,1760.79,45.59,1330,1788.99,338.52,1657.1,1808.79,544.11,1291.41,1808.79,544.11,1291.41,1808.79,624.11,1291.41,1808.79,624.11,1291.41,0,0,0.707107,0.707107
,,,,,,,,,,,,,,,,,,3.049,-95.45,37.28,-60.91,6.24,61.06,86.97,1756,-4.18,1000,1760.75,45.59,1330,1786.09,310.91,1680.09,1808.35,544.11,1331.5,1808.35,544.11,1331.5,1808.35,624.11,1331.5,1808.35,624.11,1331.5,-1.00E-06,-1.00E-06,0.707107,0.707107
,,,,,,,,,,,,,,,,,,3.143,-93.42,39.64,-63.45,3.82,63.5,106.42,1756,-4.18,1000,1758.98,45.73,1330,1775.73,325.91,1668.85,1788.77,544.11,1310.24,1788.77,544.11,1310.24,1788.77,624.11,1310.24,1788.77,624.11,1310.24,0.111376,-0.111375,0.69828,0.69828
,,,,,,,,,,,,,,,,,,3.254,-88.39,45.9,-69.05,-1.72,69.06,153.29,1756,-4.18,1000,1754.6,45.8,1330,1745.75,361.64,1636.21,1740.63,544.11,1257.97,1740.63,544.11,1257.97,1740.63,624.11,1257.97,1740.63,624.11,1257.97,0.367731,-0.367731,0.603965,0.603965
,,,,,,,,,,,,,,,,,,3.345,-85.64,49.55,-71.67,-4.59,71.73,178.56,1756,-4.18,1000,1752.2,45.67,1330,1726.76,379.52,1615.48,1714.22,544.11,1229.29,1714.22,544.11,1229.29,1714.22,624.11,1229.29,1714.22,624.11,1229.29,0.487254,-0.487254,0.512429,0.512429
,,,,,,,,,,,,,,,,,,3.454,-85.19,49.22,-73.58,-5.01,73.64,181.42,1756,-4.18,1000,1751.81,45.64,1330,1723.86,377.67,1617.36,1711.1,529.27,1225.91,1711.1,529.27,1225.91,1711.1,609.27,1225.91,1711.1,609.27,1225.91,0.5,-0.5,0.5,0.5
,,,,,,,,,,,,,,,,,,3.549,-84.46,46.21,-81.43,-5.6,81.47,180.83,1756,-4.18,1000,1751.17,45.58,1330,1720.49,361.73,1634.48,1711.1,458.49,1225.91,1711.1,458.49,1225.91,1711.1,538.49,1225.91,1711.1,538.49,1225.91,0.5,-0.5,0.5,0.5
,,,,,,,,,,,,,,,,,,3.642,-85.16,45.15,-83.25,-7.39,83.3,180.87,1756,-4.18,1000,1751.78,45.64,1330,1725.47,356.45,1640.33,1718.36,440.37,1228.88,1718.36,440.37,1228.88,1721.86,520.29,1228.88,1721.86,520.29,1228.88,0.510808,-0.488954,0.510807,0.488954
,,,,,,,,,,,,,,,,,,3.751,-93.31,42.15,-77.65,-21.63,78.49,184.52,1756,-4.18,1000,1758.89,45.73,1330,1775.93,340.51,1656.21,1783.09,464.27,1254.94,1783.09,464.27,1254.94,1816.24,537.08,1254.94,1816.24,537.08,1254.94,0.594639,-0.382628,0.594639,0.382628
,,,,,,,,,,,,,,,,,,3.845,-103.31,40.85,-67.42,-42.94,73.07,195.16,1756,-4.18,1000,1767.51,44.47,1330,1833.75,324.54,1662.83,1878.22,512.56,1289.93,1878.22,512.56,1289.93,1942.93,559.61,1289.93,1942.93,559.61,1289.93,0.672459,-0.218631,0.672458,0.218631
,,,,,,,,,,,,,,,,,,3.957,-107.9,41.75,-61.41,-54.61,72.48,202.91,1756,-4.18,1000,1771.36,43.4,1330,1861.4,322.23,1658.25,1932.45,542.24,1307.63,1932.45,542.24,1307.63,2007.09,571.02,1307.63,2007.09,571.02,1307.63,0.695123,-0.129087,0.695224,0.129633
,,,,,,,,,,,,,,,,,,4.05,-108.81,42.69,-61.89,-52.96,74.72,187.44,1756,-4.18,1000,1772.12,43.15,1330,1868.3,325.53,1653.43,1941.9,541.62,1300.9,1941.9,541.62,1300.9,2016.63,569.98,1304.2,2016.63,569.98,1304.2,0.687286,-0.036881,0.691376,0.219722
,,,,,,,,,,,,,,,,,,4.158,-111.09,45.38,-62.54,-52.23,80.6,145.71,1756,-4.18,1000,1774,42.47,1330,1886.72,334.68,1639.04,1967.43,543.9,1283.94,1967.43,543.9,1283.94,2043.25,567.09,1294.64,2043.25,567.09,1294.64,0.605723,0.218945,0.620625,0.447199
,,,,,,,,,,,,,,,,,,4.247,-114,48.59,-61.73,-58.09,83.15,86.74,1756,-4.18,1000,1776.34,41.49,1330,1910.59,342.96,1621.03,2003.84,552.37,1269.13,2003.84,552.37,1269.13,2082.32,562.84,1280.61,2082.32,562.84,1280.61,0.350139,0.534834,0.377095,0.67019
,,,,,,,,,,,,,,,,,,4.348,-116.41,50.05,-60.37,-63.01,78.05,40.19,1756,-4.18,1000,1778.24,40.6,1330,1928.28,342.72,1612.51,2033.93,555.47,1266.15,2033.93,555.47,1266.15,2113.77,559.43,1269.31,2113.77,559.43,1269.31,0.070296,0.685496,0.10168,0.717506
,,,,,,,,,,,,,,,,,,4.46,-117.18,50.32,-60.03,-63.67,75.65,26.6,1756,-4.18,1000,1778.84,40.3,1330,1933.51,341.54,1610.94,2042.96,554.71,1266.03,2042.96,554.71,1266.03,2122.88,558.28,1266.03,2122.88,558.28,1266.03,0.015802,-0.70693,-0.015802,-0.70693
,,,,,,,,,,,,,,,,,,4.556,-118.56,46.86,-64.84,-61.94,77.54,22.03,1756,-4.18,1000,1779.9,39.73,1330,1933.39,321.73,1630.87,2033.69,506.01,1267.05,2033.69,506.01,1267.05,2113.65,508.71,1267.05,2113.65,508.71,1267.05,0.011968,-0.707005,-0.011968,-0.707006
,,,,,,,,,,,,,,,,,,4.642,-122.62,40.46,-75.15,-57.71,81.94,12.51,1756,-4.18,1000,1782.95,37.93,1330,1936.86,278.4,1664.79,2013.06,397.45,1269.31,2013.06,397.45,1269.31,2093.06,398.22,1269.31,2093.06,398.22,1269.31,0.00342,-0.707099,-0.00342,-0.707098
,,,,,,,,,,,,,,,,,,4.742,-124.79,38.41,-79.24,-55.69,83.89,8.87,1756,-4.18,1000,1784.53,36.88,1330,1940.48,261.39,1674.78,2004.82,354.01,1270.22,2004.82,354.01,1270.22,2084.82,354.01,1270.22,2084.82,354.01,1270.22,0,0.707107,0,0.707107
,,,,,,,,,,,,,,,,,,4.845,-127.96,40.08,-74.89,-62.59,82.91,13.38,1756,-4.18,1000,1786.76,35.24,1330,1961.05,258.6,1666.65,2049.09,371.45,1271.8,2049.09,371.45,1271.8,2127.95,357.94,1271.8,2127.95,357.94,1271.8,0.059913,0.704564,-0.059913,0.704564
,,,,,,,,,,,,,,,,,,4.953,-126.3,38.41,-75.4,-62.79,83.21,12.96,1756,-4.18,1000,1785.6,36.11,1330,1947.47,256.43,1674.76,2030.14,368.96,1278.67,2030.14,368.96,1278.67,2109.3,357.37,1278.67,2109.3,357.37,1278.67,0.051325,0.705242,-0.051325,0.705242
,,,,,,,,,,,,,,,,,,5.048,-119.8,33.17,-77.65,-61.67,84.07,10.85,1756,-4.18,1000,1780.85,39.2,1330,1900.51,248.11,1698.29,1962.1,355.64,1297.01,1962.1,355.64,1297.01,2042.09,354.38,1297.01,2042.09,354.38,1297.01,0.005588,0.707085,-0.005588,0.707085
,,,,,,,,,,,,,,,,,,5.145,-118.87,32.34,-77.72,-58,83.42,10.39,1756,-4.18,1000,1780.14,39.6,1330,1893.8,245.73,1701.74,1953.41,353.86,1300.32,1953.41,353.86,1300.32,2033.24,359.07,1300.32,2033.24,359.07,1300.32,0.023021,-0.706732,-0.023021,-0.706732
,,,,,,,,,,,,,,,,,,5.24,-119.54,31.31,-76.24,-31.46,78.2,7.13,1756,-4.18,1000,1780.65,39.32,1330,1893.37,238.24,1705.93,1959.31,354.61,1307.81,1959.31,354.61,1307.81,2028.78,394.3,1307.81,2028.78,394.3,1307.81,0.181438,-0.683433,-0.181438,-0.683433
,,,,,,,,,,,,,,,,,,5.345,-122.04,31.42,-71.96,9.18,72.18,-2.83,1756,-4.18,1000,1782.53,38.2,1330,1904.23,232.63,1705.48,1990.78,370.89,1318.47,1990.78,370.89,1318.47,2022.43,444.36,1318.47,2022.43,444.36,1318.47,0.388692,-0.590694,-0.388692,-0.590694
,,,,,,,,,,,,,,,,,,5.452,-123.11,32.51,-68.66,30.95,71.48,-10.79,1756,-4.18,1000,1783.31,37.7,1330,1912.51,235.77,1701.05,2013.63,390.81,1324.05,2013.63,390.81,1324.05,2019.1,470.62,1324.05,2019.1,470.62,1324.05,0.482594,-0.51682,-0.482594,-0.51682
,,,,,,,,,,,,,,,,,,5.55,-122.62,32.81,-67.9,34.64,71.52,-12.35,1756,-4.18,1000,1782.95,37.93,1330,1911.48,238.74,1699.81,2013.97,398.87,1325.32,2013.97,398.87,1325.32,2013.97,478.87,1325.32,2013.97,478.87,1325.32,0.5,-0.5,-0.5,-0.5
,,,,,,,,,,,,,,,,,,5.643,-110.77,33.28,-66.57,22.46,68.17,-8.74,1756,-4.18,1000,1773.73,42.57,1330,1859.37,268.33,1697.83,1929.87,454.18,1327.86,1929.87,454.18,1327.86,1929.87,534.18,1327.86,1929.87,534.18,1327.86,0.5,-0.5,-0.5,-0.5
,,,,,,,,,,,,,,,,,,5.772,-90.75,38.46,-59.25,0.87,59.26,-0.45,1756,-4.18,1000,1756.65,45.81,1330,1760.23,319.43,1674.56,1763.42,563.66,1332.9,1763.42,563.66,1332.9,1763.42,643.66,1332.9,1763.42,643.66,1332.9,0.5,-0.5,-0.5,-0.5
,,,,,,,,,,,,,,,,,,5.847,-79.23,46.43,-49.7,-14,50.55,9,1756,-4.18,1000,1746.66,44.94,1330,1687.12,358.1,1633.29,1631.54,650.4,1336.89,1631.54,650.4,1336.89,1631.54,730.4,1336.89,1631.54,730.4,1336.89,0.5,-0.5,-0.5,-0.5
,,,,,,,,,,,,,,,,,,5.94,-75.75,50.44,-45.14,-19.71,46.87,13.76,1756,-4.18,1000,1743.69,44.28,1330,1660.18,373.08,1610.2,1581.36,683.41,1338.41,1581.36,683.41,1338.41,1581.36,763.41,1338.41,1581.36,763.41,1338.41,0.5,-0.5,-0.5,-0.5
,,,,,,,,,,,,,,,,,,6.053,-75.68,50.54,-45.03,-19.85,46.78,23.61,1756,-4.18,1000,1743.63,44.26,1330,1659.58,373.42,1609.62,1580.23,684.15,1338.44,1580.23,684.15,1338.44,1580.23,764.15,1338.44,1580.23,764.15,1338.44,0.455813,-0.455813,-0.540588,-0.540587
,,,,,,,,,,,,,,,,,,6.145,-75.68,50.54,-45.03,-19.85,46.78,64.2,1756,-4.18,1000,1743.63,44.26,1330,1659.58,373.42,1609.62,1580.23,684.15,1338.44,1580.23,684.15,1338.44,1580.23,764.15,1338.44,1580.23,764.15,1338.44,0.239987,-0.239987,-0.665136,-0.665136
,,,,,,,,,,,,,,,,,,6.249,-75.68,50.54,-45.03,-19.85,46.78,97.24,1756,-4.18,1000,1743.63,44.26,1330,1659.58,373.42,1609.62,1580.23,684.15,1338.44,1580.23,684.15,1338.44,1580.23,764.15,1338.44,1580.23,764.15,1338.44,0.040973,-0.040973,-0.705919,-0.705919
,,,,,,,,,,,,,,,,,,6.347,-75.68,50.73,-45.23,-19.78,46.97,103.79,1756,-4.18,1000,1743.63,44.26,1330,1659.35,374.31,1608.5,1580.23,684.15,1336.24,1580.23,684.15,1336.24,1580.23,764.15,1336.24,1580.23,764.15,1336.24,0,0,0.707107,0.707107
,,,,,,,,,,,,,,,,,,6.446,-75.68,55.9,-49.98,-18.44,51.46,101.73,1756,-4.18,1000,1743.63,44.26,1330,1653.49,397.26,1576.71,1580.23,684.15,1278.86,1580.23,684.15,1278.86,1580.23,764.15,1278.86,1580.23,764.15,1278.86,0,0,0.707107,0.707107
,,,,,,,,,,,,,,,,,,6.549,-75.68,53.74,-48.11,-18.93,49.69,102.51,1756,-4.18,1000,1743.63,44.26,1330,1655.86,388,1590.27,1580.23,684.15,1302.24,1580.23,684.15,1302.24,1580.23,764.15,1302.24,1580.23,764.15,1302.24,0,0,0.707107,0.707107
,,,,,,,,,,,,,,,,,,6.649,-75.68,45.16,-38.75,-22.19,40.92,107.13,1756,-4.18,1000,1743.63,44.26,1330,1666.44,346.55,1640.26,1580.23,684.15,1405.79,1580.23,684.15,1405.79,1580.23,764.15,1405.79,1580.23,764.15,1405.79,0,0,0.707107,0.707107
,,,,,,,,,,,,,,,,,,6.758,-75.68,42.03,-34.23,-24.42,36.76,109.99,1756,-4.18,1000,1743.63,44.26,1330,1670.75,329.68,1656.84,1580.23,684.15,1450.59,1580.23,684.15,1450.59,1580.23,764.15,1450.59,1580.23,764.15,1450.59,0,0,0.707107,0.707107
,,,,,,,,,,,,,,,,,,6.85,-73.83,45.29,-36.96,-25.75,39.87,124.4,1756,-4.18,1000,1742.07,43.84,1330,1654.97,344.15,1639.55,1555.91,685.69,1416.11,1555.91,685.69,1416.11,1555.91,765.69,1416.11,1555.91,765.69,1416.11,0.08666,-0.08666,0.701776,0.701776
,,,,,,,,,,,,,,,,,,6.96,-68.21,57.24,-43.42,-30.18,47.59,170.44,1756,-4.18,1000,1737.44,42.24,1330,1600.09,385.82,1568.09,1478.26,690.59,1306.06,1478.26,690.59,1306.06,1478.26,770.59,1306.06,1478.26,770.59,1306.06,0.34831,-0.34831,0.61537,0.61537
,,,,,,,,,,,,,,,,,,7.059,-64.86,66.03,-45.41,-33.39,50.54,200.57,1756,-4.18,1000,1734.76,41.08,1330,1563.94,405.04,1508.76,1428.45,693.73,1235.48,1428.45,693.73,1235.48,1428.45,773.73,1235.48,1428.45,773.73,1235.48,0.490515,-0.490515,0.509308,0.509308
,,,,,,,,,,,,,,,,,,7.149,-63.91,64.66,-48.13,-33.33,53.17,201.51,1756,-4.18,1000,1734.01,40.72,1330,1559.12,397.87,1518.31,1424.73,672.31,1230.2,1424.73,672.31,1230.2,1424.73,752.31,1230.2,1424.73,752.31,1230.2,0.5,-0.5,0.5,0.5
,,,,,,,,,,,,,,,,,,7.255,-59.88,56.53,-59.44,-33.97,63.91,196.5,1756,-4.18,1000,1730.91,39.07,1330,1546.74,356.57,1572.64,1424.73,566.89,1230.2,1424.73,566.89,1230.2,1424.73,646.89,1230.2,1424.73,646.89,1230.2,0.5,-0.5,0.5,0.5
,,,,,,,,,,,,,,,,,,7.345,-55.81,51.71,-67.29,-36.37,71.37,193.24,1756,-4.18,1000,1727.9,37.17,1330,1533.82,322.83,1602.64,1424.73,483.39,1230.2,1424.73,483.39,1230.2,1424.73,563.39,1230.2,1424.73,563.39,1230.2,0.5,-0.5,0.5,0.5
,,,,,,,,,,,,,,,,,,7.441,-55.98,50.3,-70.1,-38.93,74.27,192.35,1756,-4.18,1000,1728.03,37.26,1330,1538.6,317.86,1611.03,1440.37,463.39,1229.51,1440.37,463.39,1229.51,1444.83,543.27,1229.51,1444.83,543.27,1229.51,0.513754,-0.485857,0.513754,0.485857
,,,,,,,,,,,,,,,,,,7.557,-60.64,46.68,-79.94,-49.51,83.43,187.64,1756,-4.18,1000,1731.49,39.4,1330,1574.55,318.41,1631.87,1521.69,412.39,1225.96,1521.69,412.39,1225.96,1548.68,487.7,1225.96,1548.68,487.7,1225.96,0.578227,-0.407005,0.578227,0.407006
,,,,,,,,,,,,,,,,,,7.642,-75.56,45.25,-95.96,-62.69,92.74,174.71,1756,-4.18,1000,1743.53,44.24,1330,1665.58,346.85,1639.76,1667.67,338.74,1219.86,1667.67,338.74,1219.86,1727.24,392.15,1219.86,1727.24,392.15,1219.86,0.660412,-0.252698,0.660412,0.252698
,,,,,,,,,,,,,,,,,,7.742,-97.04,47.39,-105.41,-64.27,96.82,166.15,1756,-4.18,1000,1762.13,45.44,1330,1801.84,366.83,1627.88,1792.37,290.21,1215.05,1792.37,290.21,1215.05,1867.77,316.94,1215.05,1867.77,316.94,1215.05,0.696872,-0.119875,0.696872,0.119874
,,,,,,,,,,,,,,,,,,7.851,-105.73,47.97,-106.65,-62.95,97.74,165.22,1756,-4.18,1000,1769.55,43.94,1330,1858.16,358.55,1624.57,1834.81,275.67,1213.51,1834.81,275.67,1213.51,1912.97,292.76,1213.51,1912.97,292.76,1213.51,0.703017,-0.075945,0.703017,0.075944
,,,,,,,,,,,,,,,,,,7.946,-108.7,47.41,-104.78,-60.76,100.17,153.67,1756,-4.18,1000,1772.03,43.18,1330,1875.87,350.02,1627.77,1852.56,281.14,1214.13,1852.56,281.14,1214.13,1930.72,297.76,1217.97,1930.72,297.76,1217.97,0.706093,0.008722,0.689866,0.159501
,,,,,,,,,,,,,,,,,,8.042,-115.41,45.84,-98.72,-58,103.77,122.12,1756,-4.18,1000,1777.46,40.98,1330,1912.93,326.11,1636.51,1900.66,300.28,1217.5,1900.66,300.28,1217.5,1978.88,311.36,1230.08,1978.88,311.36,1230.08,0.663792,0.234393,0.605349,0.371474
,,,,,,,,,,,,,,,,,,8.149,-123.61,42.96,-85.77,-60.54,98.29,65.92,1756,-4.18,1000,1783.68,37.45,1330,1949.67,287.15,1652.03,1986.21,342.12,1237.27,1986.21,342.12,1237.27,2064.64,335.58,1251.65,2064.64,335.58,1251.65,0.423571,0.561704,0.307587,0.640677
,,,,,,,,,,,,,,,,,,8.242,-127.67,41.31,-77.26,-62.47,88.05,30.76,1756,-4.18,1000,1786.56,35.39,1330,1964.07,265.3,1660.5,2041.48,365.55,1260.08,2041.48,365.55,1260.08,2120,351.22,1265.57,2120,351.22,1265.57,0.187965,0.680243,0.054207,0.7064
,,,,,,,,,,,,,,,,,,8.349,-129.42,40.75,-73.62,-62.56,82.37,14.89,1756,-4.18,1000,1787.75,34.44,1330,1970.15,256.3,1663.34,2066.59,373.61,1271.77,2066.59,373.61,1271.77,2145.11,358.32,1271.89,2145.11,358.32,1271.89,0.070362,0.703569,-0.065424,0.704102
,,,,,,,,,,,,,,,,,,8.443,-127.38,39.55,-76.23,-59.25,82.86,11.81,1756,-4.18,1000,1786.35,35.55,1330,1956.45,258.2,1669.25,2037.72,364.59,1271.18,2037.72,364.59,1271.18,2117.3,356.39,1271.18,2117.3,356.39,1271.18,0.036306,0.706174,-0.036306,0.706174
,,,,,,,,,,,,,,,,,,8.559,-124.29,38.65,-78.66,-56.24,83.64,9.41,1756,-4.18,1000,1784.17,37.13,1330,1938.98,264.2,1673.61,2004.82,360.77,1270.22,2004.82,360.77,1270.22,2084.82,360.77,1270.22,2084.82,360.77,1270.22,0,0.707107,0,0.707107
,,,,,,,,,,,,,,,,,,8.646,-119.96,41.45,-72.87,-61.15,81.54,14.95,1756,-4.18,1000,1780.97,39.13,1330,1926.44,291.49,1659.78,2004.82,427.45,1270.22,2004.82,427.45,1270.22,2084.82,427.45,1270.22,2084.82,427.45,1270.22,0,0.707107,0,0.707107
,,,,,,,,,,,,,,,,,,8.746,-111.64,53.58,-54.67,-72.07,77.69,33.38,1756,-4.18,1000,1774.44,42.29,1330,1904.98,371.39,1591.26,2004.82,623.08,1270.22,2004.82,623.08,1270.22,2084.82,623.08,1270.22,2084.82,623.08,1270.22,0,0.707107,0,0.707107
,,,,,,,,,,,,,,,,,,8.85,-108.47,64.53,-41.18,-77.6,76.21,47.31,1756,-4.18,1000,1771.84,43.24,1330,1897.68,420.01,1519.24,2004.82,740.78,1270.22,2004.82,740.78,1270.22,2084.82,740.78,1270.22,2084.82,740.78,1270.22,0,0.707107,0,0.707107
,,,,,,,,,,,,,,,,,,8.94,-108.13,67.72,-37.49,-78.76,75.82,50.72,1756,-4.18,1000,1771.56,43.33,1330,1898.29,430.27,1496.78,2008.32,766.24,1270.06,2008.32,766.24,1270.06,2088.32,766.09,1270.14,2088.32,766.09,1270.14,0.001642,-0.706774,0.003042,-0.707431
,,,,,,,,,,,,,,,,,,9.046,-110.17,69.5,-35.67,-78.23,74.94,48.91,1756,-4.18,1000,1773.24,42.75,1330,1915.31,429.61,1484.13,2039.59,768.04,1268.71,2039.59,768.04,1268.71,2119.58,766.44,1269.4,2119.58,766.44,1269.4,0.01631,-0.703415,0.030218,-0.709949
,,,,,,,,,,,,,,,,,,9.143,-106.13,63.22,-41.63,-74.32,74.06,42.53,1756,-4.18,1000,1769.89,43.85,1330,1879.05,421.17,1528.26,1972.49,744.17,1276.61,1972.49,744.17,1276.61,2052.03,752.63,1277.56,2052.03,752.63,1277.56,0.059332,-0.702707,-0.015766,-0.708825
,,,,,,,,,,,,,,,,,,9.239,-97.1,54.32,-49.29,-67.91,73.26,34.29,1756,-4.18,1000,1762.18,45.43,1330,1806.35,400.1,1586.63,1843.39,697.48,1292.39,1843.39,697.48,1292.39,1918.39,725.29,1293.72,1918.39,725.29,1293.72,0.1436,-0.693105,-0.106391,-0.69833
,,,,,,,,,,,,,,,,,,9.351,-76.38,44.93,-54.03,-60.52,71.52,29.13,1756,-4.18,1000,1744.23,44.41,1330,1671.06,346.4,1641.52,1606.46,613.04,1323.53,1606.46,613.04,1323.53,1660.03,672.44,1324.95,1660.03,672.44,1324.95,0.299072,-0.644324,-0.275693,-0.647608
,,,,,,,,,,,,,,,,,,9.446,-57.66,43.97,-49.37,-56.97,65.61,32.51,1756,-4.18,1000,1729.25,38.06,1330,1565.85,296.17,1646.67,1405.77,549.02,1351.99,1405.77,549.02,1351.99,1429.76,625.33,1352.78,1429.76,625.33,1352.78,0.423324,-0.569334,-0.413437,-0.570723
,,,,,,,,,,,,,,,,,,9.55,-49.26,46.4,-44.18,-55.39,59.9,36.03,1756,-4.18,1000,1723.37,33.7,1330,1515.4,275.11,1633.43,1303.5,521.1,1367.03,1303.5,521.1,1367.03,1310,600.83,1367.26,1310,600.83,1367.26,0.480588,-0.519722,-0.477938,-0.520095
,,,,,,,,,,,,,,,,,,9.646,-46.51,47.83,-41.84,-54.89,57.28,37.55,1756,-4.18,1000,1721.59,32.09,1330,1497.15,268.65,1625.41,1266.36,511.91,1372.54,1266.36,511.91,1372.54,1266.36,591.91,1372.54,1266.36,591.91,1372.54,0.5,-0.5,-0.5,-0.5
,,,,,,,,,,,,,,,,,,9.74,-46.92,51.16,-44.09,-53.35,58.35,18.82,1756,-4.18,1000,1721.85,32.34,1330,1487.78,282.66,1605.95,1265.71,520.15,1340.11,1265.71,520.15,1340.11,1265.71,600.15,1340.11,1265.71,600.15,1340.11,0.5661,-0.5661,-0.423711,-0.423711
,,,,,,,,,,,,,,,,,,9.882,-47.99,60.58,-48.87,-50.1,60.74,-29.49,1756,-4.18,1000,1722.54,32.97,1330,1466.02,317.73,1546.13,1264.01,542,1254.1,1264.01,542,1254.1,1264.01,622,1254.1,1264.01,622,1254.1,0.682685,-0.682685,-0.184231,-0.184231
,,,,,,,,,,,,,,,,,,9.946,-48.63,66.89,-50.89,-48.62,61.74,-58.77,1756,-4.18,1000,1722.95,33.34,1330,1455.49,337.06,1502.68,1262.94,555.7,1200.18,1262.94,555.7,1200.18,1262.94,635.7,1200.18,1262.94,635.7,1200.18,0.706868,-0.706868,-0.018389,-0.01839
,,,,,,,,,,,,,,,,,,10.066,-48.7,65.82,-50.03,-48.9,61.14,-61.05,1756,-4.18,1000,1723,33.38,1330,1458.09,334.93,1510.25,1262.82,557.2,1212.17,1262.82,557.2,1212.17,1262.82,637.2,1212.17,1262.82,637.2,1212.17,0.707107,-0.707107,0,0
,,,,,,,,,,,,,,,,,,10.148,-48.7,58.71,-44.92,-51.21,57.86,-56.5,1756,-4.18,1000,1723,33.38,1330,1474.84,315.86,1558.52,1262.82,557.2,1287.99,1262.82,557.2,1287.99,1262.82,637.2,1287.99,1262.82,637.2,1287.99,0.707107,-0.707107,0,0
,,,,,,,,,,,,,,,,,,10.242,-48.68,55.94,-42.37,-52.53,56.3,-53.21,1756,-4.18,1000,1722.99,33.37,1330,1482.29,307.14,1576.41,1262.44,557.2,1320.44,1262.44,557.2,1320.44,1262.44,637.2,1320.44,1262.44,637.2,1320.44,0.707086,-0.707086,-0.005469,-0.005469
,,,,,,,,,,,,,,,,,,10.344,-48.09,57.47,-42.28,-53.14,56.59,-29.01,1756,-4.18,1000,1722.6,33.03,1330,1474.83,309.11,1566.62,1252.19,557.2,1311.14,1252.19,557.2,1311.14,1252.19,637.2,1311.14,1252.19,637.2,1311.14,0.690758,-0.690758,-0.151174,-0.151174
,,,,,,,,,,,,,,,,,,10.472,-47.03,60.37,-41.98,-54.32,57.04,16.11,1756,-4.18,1000,1721.92,32.4,1330,1461.25,312.28,1547.53,1233.13,557.2,1293.84,1233.13,557.2,1293.84,1233.13,637.2,1293.84,1233.13,637.2,1293.84,0.582886,-0.582886,-0.400305,-0.400304
,,,,,,,,,,,,,,,,,,10.555,-46.56,61.74,-41.77,-54.88,57.21,36.96,1756,-4.18,1000,1721.62,32.12,1330,1455.13,313.51,1538.33,1224.35,557.2,1285.87,1224.35,557.2,1285.87,1224.35,637.2,1285.87,1224.35,637.2,1285.87,0.502764,-0.502764,-0.497221,-0.497221
,,,,,,,,,,,,,,,,,,10.647,-46.48,62.08,-41.83,-54.92,57.29,40.89,1756,-4.18,1000,1721.57,32.07,1330,1453.87,314.01,1536.03,1222.94,557.2,1283.21,1222.94,557.2,1283.21,1222.94,637.2,1283.21,1222.94,637.2,1283.21,0.485317,-0.485317,-0.514264,-0.514263
,,,,,,,,,,,,,,,,,,10.757,-45.68,66.19,-42.54,-55.31,58.19,85.41,1756,-4.18,1000,1721.06,31.59,1330,1439.8,319.56,1507.65,1207.69,557.2,1250.67,1207.69,557.2,1250.67,1207.69,637.2,1250.67,1207.69,637.2,1250.67,0.252696,-0.252696,-0.660413,-0.660413
,,,,,,,,,,,,,,,,,,10.85,-45.07,69.48,-42.83,-55.73,58.72,119.93,1756,-4.18,1000,1720.69,31.21,1330,1429.65,322.94,1484.24,1195.95,557.2,1225.6,1195.95,557.2,1225.6,1195.95,637.2,1225.6,1195.95,637.2,1225.6,0.045466,-0.045466,-0.705644,-0.705644
,,,,,,,,,,,,,,,,,,10.959,-44.81,69.96,-43.18,-55.79,59.07,127.09,1756,-4.18,1000,1720.53,31.05,1330,1427.28,322.37,1480.79,1193.65,554.46,1220.14,1193.65,554.46,1220.14,1193.65,634.46,1220.14,1193.65,634.46,1220.14,0,0,0.707107,0.707107
,,,,,,,,,,,,,,,,,,11.055,-42.26,65.95,-48.71,-55.68,63.65,123.02,1756,-4.18,1000,1719,29.44,1330,1421.63,299.66,1509.32,1197.65,503.21,1218.14,1197.65,503.21,1218.14,1197.65,583.21,1218.14,1197.65,583.21,1218.14,0,0,0.707107,0.707107
,,,,,,,,,,,,,,,,,,11.143,-43.55,63.47,-50.52,-53.8,64.25,117.35,1756,-4.18,1000,1719.76,30.27,1330,1434.46,301.52,1526.53,1221.92,503.59,1225.9,1221.92,503.59,1225.9,1222.16,583.59,1226.13,1222.16,583.59,1226.13,0.020606,-0.022711,-0.705721,-0.707826
,,,,,,,,,,,,,,,,,,11.246,-51.61,53.35,-55.99,-44.56,65.21,92.02,1756,-4.18,1000,1724.95,35.01,1330,1505.73,311.71,1592.64,1342.21,518.11,1265.45,1342.21,518.11,1265.45,1343.87,598.08,1266.59,1343.87,598.08,1266.59,0.123054,-0.135624,-0.688835,-0.701406
,,,,,,,,,,,,,,,,,,11.348,-69.2,39.69,-57.53,-27.51,61.73,53.1,1756,-4.18,1000,1738.25,42.56,1330,1638.46,305.25,1668.58,1548.13,543.08,1334.41,1548.13,543.08,1334.41,1552.61,622.94,1335.99,1552.61,622.94,1335.99,0.290698,-0.320394,-0.622491,-0.652187
,,,,,,,,,,,,,,,,,,11.443,-86.6,32.19,-52.08,-10.33,53.1,19.58,1756,-4.18,1000,1753.04,45.73,1330,1739.15,279.74,1702.35,1722.27,564.24,1393.86,1722.27,564.24,1393.86,1729.04,643.94,1394.65,1729.04,643.94,1394.65,0.417168,-0.459783,-0.532616,-0.575231
,,,,,,,,,,,,,,,,,,11.553,-94.95,30.52,-47.79,-0.76,47.84,1.52,1756,-4.18,1000,1760.32,45.63,1330,1779.6,268.25,1709.03,1806.13,574.41,1422.77,1806.13,574.41,1422.77,1813.82,654.04,1422.83,1813.82,654.04,1422.83,0.470955,-0.519064,-0.479739,-0.527848
